transaction_id,customer_id,first_name,last_name,product_id,product_name,cost,date
1,124,Michael,Martinez,75,human,497.9,2026-01-23 10:38:03.677867
2,32,Cheryl,Fernandez,15,activity,170.98,2026-01-25 09:57:31.422791
3,165,Tiffany,Berry,30,either,194.45,2026-02-08 22:20:32.920095
4,99,Mark,Rodriguez,12,suddenly,204.92,2026-01-18 21:12:09.208601
5,30,Kimberly,Adams,56,election,392.06,2026-02-06 01:41:27.182650
6,121,Christy,Webb,19,four,490.64,2026-02-15 00:12:48.672844
7,147,Kevin,Lynn,54,painting,307.75,2026-01-21 13:55:27.656957
8,169,Hannah,Gomez,57,south,230.4,2026-01-23 16:32:20.455279
9,80,Mitchell,Lucero,38,action,222.39,2026-01-18 20:06:23.062219
10,88,Jillian,White,82,lose,152.23,2026-01-17 10:42:19.120000
11,43,Michael,Johnson,87,fall,144.09,2026-01-17 21:26:26.897034
12,1,Allison,Anderson,69,garden,238.51,2026-01-26 17:14:22.351884
13,32,Dana,Campbell,74,fast,478.25,2026-01-26 00:22:33.425140
14,124,Timothy,Clay,99,let,59.62,2026-02-13 08:09:27.646460
15,77,Denise,Watson,21,family,112.02,2026-02-04 20:49:29.754481
16,157,Sherri,Alvarez,92,court,164.14,2026-02-10 17:43:40.483793
17,134,Hannah,York,62,person,279.89,2026-02-02 23:46:44.891824
18,108,Douglas,Leonard,100,imagine,319.67,2026-01-20 04:41:07.815827
19,113,Thomas,White,46,fine,93.66,2026-02-05 11:41:26.386706
20,122,Marc,Cole,45,recently,310.89,2026-01-30 05:05:18.993170
21,59,Joseph,Petersen,50,within,21.87,2026-02-14 05:11:24.824560
22,52,Thomas,Ingram,27,one,278.28,2026-02-15 10:32:44.548913
23,40,Steven,Martin,19,center,241.6,2026-02-01 22:56:20.837724
24,159,Mary,Coleman,5,fact,428.83,2026-02-14 06:09:22.739926
25,65,Lisa,Miranda,63,board,81.55,2026-01-20 10:36:15.689017
26,143,Daniel,Montgomery,31,image,363.49,2026-02-06 13:17:24.121524
27,128,Maria,Hughes,41,still,295.98,2026-02-11 01:52:26.867530
28,95,Michael,Lane,82,ability,481.74,2026-02-12 11:13:51.530839
29,174,Andrea,Bright,29,that,81.79,2026-01-28 01:52:25.558081
30,143,Nicholas,Joseph,59,although,291.81,2026-02-05 09:42:46.642856
31,46,Matthew,Hart,23,late,275.89,2026-01-31 20:49:22.691808
32,178,Jesse,Sanchez,31,health,149.56,2026-01-29 07:34:55.131559
33,44,Bill,Smith,58,fish,117.46,2026-02-03 21:48:37.579628
34,140,Dan,Moody,30,air,7.69,2026-01-27 22:47:39.760908
35,40,David,Callahan,4,skin,238.04,2026-02-14 04:36:29.963743
36,32,Susan,Carey,6,Mr,291.97,2026-01-27 19:07:12.254145
37,89,Misty,Wright,92,reveal,434.6,2026-02-14 23:38:58.003353
38,90,Thomas,Johnson,43,claim,293.32,2026-01-28 01:24:47.992114
39,143,Julie,Long,12,similar,121.61,2026-02-01 14:08:47.157053
40,82,Karen,Alexander,81,dinner,87.46,2026-01-28 13:42:52.096714
41,160,Yvette,Taylor,56,happy,377.85,2026-02-13 17:26:13.594312
42,153,Robert,Kim,68,produce,282.85,2026-02-04 18:31:08.364398
43,116,Roger,Garcia,54,foreign,437.44,2026-01-20 16:10:19.535778
44,183,Lori,Lee,97,live,233.97,2026-02-06 00:36:39.187333
45,53,David,Escobar,45,table,359.91,2026-02-11 04:41:02.518689
46,115,Desiree,Lewis,45,somebody,316.69,2026-02-15 09:01:00.701714
47,149,Michael,Obrien,90,yes,206.7,2026-02-08 12:24:06.978788
48,60,David,Johnson,86,camera,10.12,2026-02-04 22:24:02.255295
49,52,John,Gray,77,not,438.16,2026-02-13 10:32:54.930907
50,102,Amy,King,78,enter,278.71,2026-02-05 07:20:38.303630
51,158,Jesse,Wilcox,30,sometimes,117.48,2026-01-31 09:02:53.922254
52,137,Aaron,Hatfield,18,song,33.32,2026-02-15 05:04:29.765580
53,106,Edward,Torres,27,walk,245.66,2026-02-06 17:01:33.814572
54,84,Michael,Jones,53,subject,361.33,2026-02-02 17:55:27.043198
55,76,Laura,Arnold,64,field,35.26,2026-01-20 06:24:10.722641
56,166,Jessica,Molina,36,quite,125.13,2026-01-23 02:54:52.558935
57,77,Brian,Brown,87,meeting,94.4,2026-01-27 05:04:47.298270
58,95,Bryan,Ingram,28,police,152.28,2026-01-27 01:01:05.380266
59,106,Sydney,Davis,66,defense,100.75,2026-02-06 08:44:21.030725
60,99,Anthony,Lewis,99,size,123.82,2026-01-26 23:21:02.130966
61,102,Jessica,Blair,69,listen,439.91,2026-01-26 16:49:22.273846
62,173,Christopher,Lawson,51,organization,142.54,2026-02-13 14:46:22.732510
63,154,Christopher,Henry,18,practice,47.33,2026-02-08 18:23:11.655813
64,99,Jonathan,Savage,59,coach,470.57,2026-02-12 05:45:10.899037
65,37,Scott,Cruz,56,painting,456.09,2026-01-24 07:25:12.122705
66,24,Rachel,Nielsen,51,close,112.91,2026-02-10 04:32:05.745355
67,33,Tara,Baker,22,agreement,84.72,2026-01-21 19:53:16.510568
68,44,Sarah,Matthews,12,analysis,494.25,2026-02-14 13:05:04.513838
69,23,Leonard,Johnson,64,full,231.24,2026-02-04 08:54:56.531685
70,24,Michael,Fisher,77,movement,329.83,2026-02-09 01:52:19.528925
71,7,Thomas,Smith,3,say,439.64,2026-02-14 19:17:13.489608
72,24,Gina,Vargas,32,several,48.17,2026-01-27 06:56:59.500129
73,24,Curtis,Perez,50,song,328.94,2026-02-13 21:43:06.420158
74,40,Angela,Salazar,64,point,424.08,2026-02-07 05:29:14.106557
75,39,Ashley,Hoffman,67,air,87.63,2026-01-29 08:40:14.510439
76,66,Riley,Miller,42,myself,221.3,2026-01-30 22:25:45.808232
77,13,Anthony,Mitchell,89,feel,96.91,2026-01-17 10:19:51.096013
78,130,Cynthia,Williams,31,school,109.44,2026-02-15 13:10:20.541736
79,168,Katie,Gonzales,27,forget,10.54,2026-02-07 20:28:50.969524
80,127,Matthew,Mitchell,34,simple,80.66,2026-01-31 06:59:36.943792
81,145,Brian,Martin,62,media,105.45,2026-02-14 13:21:42.194831
82,168,Debbie,Brown,60,sometimes,335.61,2026-02-14 21:59:40.999453
83,154,Ronnie,Brooks,80,performance,133.92,2026-02-12 12:32:54.666924
84,94,Alexandra,Bates,25,focus,132.67,2026-02-06 06:46:48.030385
85,188,Kathy,Anderson,70,decade,340.23,2026-01-19 02:30:14.247772
86,116,Alicia,Martin,48,enough,464.21,2026-01-20 14:18:13.415555
87,163,Jennifer,Owens,45,tonight,232.04,2026-02-09 02:40:13.787574
88,74,Henry,Cline,91,yeah,438.52,2026-02-01 21:31:19.672843
89,162,Carol,Howell,92,message,405.51,2026-01-30 14:30:02.844195
90,103,Brittany,Reese,63,cut,252.81,2026-01-18 18:17:24.694518
91,58,Sara,Foster,35,model,386.27,2026-02-04 09:54:52.412230
92,200,Nancy,Mann,87,drop,356.3,2026-01-19 19:46:53.355051
93,117,Tracy,Johnson,70,answer,169.21,2026-01-21 07:12:17.343506
94,52,Claudia,Jackson,95,ok,162.61,2026-01-22 13:22:28.836341
95,140,Joseph,Dougherty,13,government,269.1,2026-01-25 22:44:01.795784
96,63,Angela,Gregory,51,today,418.71,2026-02-01 00:14:46.056080
97,62,Samantha,Parker,6,where,357.5,2026-01-27 19:04:56.216375
98,42,Lisa,Chen,28,college,232.13,2026-02-01 18:55:06.767598
99,149,Lawrence,Sanders,51,goal,373.95,2026-02-13 12:54:38.194246
100,127,Nicholas,Glover,75,boy,451.93,2026-02-08 21:17:50.159964
101,136,Gary,Smith,28,long,232.57,2026-01-24 03:11:53.300563
102,110,Kirsten,Ayers,75,data,434.36,2026-01-30 05:21:42.695891
103,122,John,Burch,92,significant,208.2,2026-01-22 09:17:23.949531
104,141,Michelle,Howard,23,reach,280.56,2026-02-09 05:37:44.185312
105,62,Miguel,Savage,2,address,346.43,2026-01-27 23:42:25.672183
106,4,Christopher,Oliver,87,ten,23.4,2026-01-19 15:26:02.568503
107,166,Elizabeth,Gardner,40,important,32.51,2026-02-08 23:11:32.679226
108,137,Brad,Bailey,68,hear,459.13,2026-02-12 02:47:14.566783
109,131,Kelly,Mcdowell,44,politics,342.49,2026-02-10 05:41:17.261308
110,152,Kevin,Foster,80,position,258.41,2026-02-12 10:45:03.230263
111,190,Alexa,Moore,73,wide,175.08,2026-02-09 15:40:05.971544
112,4,James,Tapia,42,defense,325.28,2026-01-21 23:16:01.995479
113,191,Joshua,Roberson,79,everyone,477.67,2026-02-05 14:05:01.546402
114,101,Katherine,Gibbs,8,bad,62.82,2026-02-10 21:23:37.442486
115,35,Jill,Munoz,34,street,271.28,2026-01-23 16:10:58.286098
116,28,Ricky,Guzman,39,million,104.22,2026-02-01 20:07:12.376134
117,6,Zachary,Carlson,44,do,172.54,2026-01-23 14:56:03.566269
118,21,Heidi,Williams,77,energy,391.0,2026-01-18 00:05:47.637200
119,36,Lisa,Hernandez,2,medical,410.6,2026-02-08 22:47:57.896459
120,177,Cindy,Saunders,5,special,59.13,2026-01-29 07:06:11.877635
121,45,Briana,Manning,80,attorney,264.86,2026-01-25 06:18:06.298732
122,84,Paul,Jacobs,73,upon,283.56,2026-01-18 10:32:12.537146
123,129,Ann,Elliott,16,commercial,72.93,2026-01-27 14:47:13.977535
124,14,Paige,Patterson,83,real,279.4,2026-02-12 02:06:28.624440
125,80,Brian,Horn,17,civil,52.46,2026-02-06 18:20:37.870226
126,63,Meghan,Williams,36,land,28.92,2026-01-28 10:26:34.934366
127,157,Timothy,Adams,57,partner,397.25,2026-01-21 00:59:46.527405
128,61,Jonathan,Jones,16,somebody,459.65,2026-01-24 12:16:42.244887
129,135,Abigail,Mills,22,anything,390.73,2026-01-25 16:30:59.075363
130,186,Shane,Dillon,5,debate,162.14,2026-01-31 07:03:49.066651
131,106,Jesse,Love,56,allow,485.68,2026-02-08 14:25:26.911367
132,61,Kristin,Mcbride,25,whether,94.04,2026-01-30 23:44:01.958683
133,16,Stacie,Robbins,6,start,364.47,2026-01-19 02:14:30.471956
134,107,Mark,Bright,56,place,62.28,2026-02-03 08:40:56.777341
135,156,Jason,Meyer,72,father,495.94,2026-02-03 02:53:45.715504
136,127,Pamela,Velasquez,41,ball,181.98,2026-01-21 12:03:42.760869
137,16,Manuel,Gonzalez,23,half,331.81,2026-02-02 02:49:16.559446
138,96,Stephanie,Higgins,32,week,127.81,2026-01-25 19:48:29.394563
139,186,Morgan,Ayala,47,decade,396.84,2026-01-27 14:40:40.166608
140,122,Douglas,Freeman,30,various,464.7,2026-01-26 02:18:55.544798
141,186,Terri,Anderson,5,send,435.71,2026-02-08 05:45:16.384091
142,7,Corey,Smith,9,toward,32.79,2026-02-10 03:23:58.590681
143,109,Samantha,Chavez,87,big,295.24,2026-02-02 09:10:13.298533
144,112,Cindy,Dean,97,everybody,452.18,2026-02-07 05:28:52.332875
145,148,Benjamin,Yates,43,clearly,381.84,2026-01-27 13:44:31.244915
146,85,William,Fox,9,time,289.32,2026-02-06 03:49:49.570902
147,90,Rhonda,Thomas,28,within,78.28,2026-01-20 08:28:47.581147
148,38,Joshua,Kelly,20,hard,22.84,2026-02-10 21:46:25.513453
149,20,Rachel,Clayton,76,billion,442.86,2026-02-09 08:37:36.808671
150,72,Brian,Martinez,88,open,150.81,2026-01-25 18:58:46.307763
151,99,Jeremiah,Hansen,59,without,136.86,2026-01-20 08:39:44.878248
152,154,Jason,Cox,8,deep,38.11,2026-01-31 16:31:24.654755
153,131,Henry,Clark,11,law,248.46,2026-02-10 11:00:58.850949
154,86,Christopher,Davis,52,home,155.15,2026-01-18 16:47:32.794262
155,26,Joseph,Barber,39,government,499.11,2026-02-12 10:28:24.089884
156,113,Oscar,Villarreal,10,sport,383.2,2026-02-03 18:40:17.298869
157,103,Michael,Tate,19,wife,224.66,2026-02-03 15:51:23.005001
158,103,Grace,Holmes,1,rich,453.88,2026-02-06 11:47:55.244608
159,46,Kimberly,Crawford,25,these,447.66,2026-02-04 07:59:45.197166
160,76,Tammy,Bradshaw,80,Republican,490.15,2026-02-08 19:49:10.634305
161,76,Robert,Smith,76,customer,484.91,2026-01-21 13:57:34.249692
162,95,Mary,Thompson,76,discover,217.48,2026-02-13 06:25:24.912521
163,1,Gregory,Lane,74,exist,475.06,2026-01-25 03:14:34.388247
164,188,Mark,White,49,environment,319.94,2026-01-18 17:29:22.131605
165,88,Samantha,Green,31,indicate,421.77,2026-01-24 13:52:09.961508
166,142,David,Evans,4,charge,431.02,2026-01-25 18:26:00.186216
167,47,James,Blake,87,stock,169.64,2026-02-11 14:23:09.693628
168,158,Crystal,Flores,2,American,34.57,2026-02-10 06:20:25.785972
169,195,Christopher,West,62,act,116.63,2026-01-17 20:01:01.546648
170,36,Stacey,Floyd,62,art,224.57,2026-01-17 01:52:59.937771
171,140,Amber,Long,75,itself,150.24,2026-01-21 14:23:17.124362
172,162,Allison,Carpenter,58,space,166.58,2026-01-31 02:30:19.075624
173,95,Jessica,Michael,89,yard,263.57,2026-02-14 08:18:49.719832
174,120,Barry,Carrillo,55,person,197.75,2026-01-24 00:26:07.457852
175,32,Amanda,Jones,100,mouth,22.92,2026-02-08 23:17:28.350078
176,104,Raymond,Roberts,5,model,430.04,2026-02-07 09:18:45.712637
177,9,Daniel,Franco,57,various,308.42,2026-01-18 00:20:18.707891
178,38,Robin,Black,17,task,24.53,2026-01-22 21:32:41.856235
179,189,Justin,Campos,19,ten,244.62,2026-02-04 07:23:18.165001
180,50,Daniel,Olson,25,little,393.48,2026-02-09 08:53:07.669178
181,39,Teresa,Hurley,59,course,409.95,2026-02-12 23:13:39.031440
182,137,Renee,Lowe,32,far,402.18,2026-01-21 14:41:55.467332
183,10,Katelyn,Marshall,15,there,111.97,2026-02-02 07:13:23.852700
184,62,Linda,Landry,28,teach,176.35,2026-01-31 12:24:31.896806
185,157,Jason,Lamb,100,economy,326.91,2026-01-22 18:32:38.999626
186,64,David,Duffy,80,character,304.51,2026-01-24 10:31:22.258867
187,194,Vanessa,Lee,61,trouble,309.3,2026-01-18 05:34:59.981797
188,90,Dean,Wright,74,name,418.88,2026-01-29 01:19:02.485592
189,82,Jimmy,Farrell,33,them,179.61,2026-02-01 08:14:55.265201
190,143,Deborah,Espinoza,79,interview,19.76,2026-02-05 00:29:12.161471
191,59,Michael,Garza,90,door,28.86,2026-02-08 13:31:36.689327
192,167,Jennifer,Lewis,43,result,370.07,2026-01-18 12:34:19.539034
193,140,Christine,Herring,15,foreign,438.71,2026-02-05 20:51:30.981668
194,114,Lindsay,Bond,83,manage,85.58,2026-01-24 00:22:32.988198
195,79,Kent,Hoffman,32,star,18.13,2026-02-03 11:35:48.737095
196,199,Michelle,Fitzgerald,27,continue,298.66,2026-02-15 07:08:52.493382
197,82,Susan,Lopez,52,put,227.09,2026-01-25 21:27:47.178734
198,148,Alexander,Mendoza,8,movie,287.86,2026-02-03 05:23:24.662277
199,199,Jack,Callahan,59,international,54.24,2026-02-02 19:20:20.067964
200,11,Jasmine,Thomas,11,environmental,407.65,2026-01-25 22:26:13.573998
201,62,Nancy,Hart,39,project,291.92,2026-02-13 04:46:23.826513
202,37,Catherine,Holloway,41,leave,395.62,2026-02-10 01:25:04.540305
203,106,Sarah,Parrish,26,there,488.89,2026-02-02 15:11:10.080458
204,16,Steven,Cooper,34,control,47.44,2026-02-01 14:35:05.159919
205,168,Dalton,Krueger,28,throw,206.44,2026-01-26 05:06:23.430489
206,190,Stephanie,Adkins,91,expert,241.99,2026-01-22 18:33:41.623261
207,15,John,Hunter,50,American,385.26,2026-02-03 04:24:05.016049
208,63,Victor,Gregory,54,arm,106.37,2026-01-24 17:42:15.551595
209,51,Stephanie,Fuller,8,attorney,249.39,2026-01-29 03:00:16.666057
210,133,Kelsey,Moore,29,town,270.47,2026-01-17 06:14:20.909491
211,182,Kenneth,Love,55,government,264.49,2026-02-11 07:41:29.696611
212,164,Don,Manning,75,high,309.08,2026-02-03 17:27:19.296048
213,57,Kenneth,Fowler,44,cell,174.04,2026-02-13 00:23:12.037933
214,144,Brandon,Joseph,4,manager,389.33,2026-02-04 03:23:17.309216
215,14,Joanna,Thompson,80,executive,92.62,2026-02-11 00:21:26.132883
216,184,Melanie,Brown,54,born,175.69,2026-02-13 01:27:13.994790
217,73,Randall,Baker,91,seem,158.84,2026-01-17 22:59:07.897978
218,29,Casey,Ortiz,11,move,470.09,2026-02-03 08:07:25.667002
219,153,Melanie,Garrett,95,help,266.01,2026-01-18 09:15:44.085965
220,73,Nina,Bryant,86,everything,285.38,2026-01-23 15:15:10.730424
221,164,Sarah,Hunter,37,example,404.04,2026-02-06 16:46:38.410411
222,96,Jamie,Pollard,35,seat,156.8,2026-01-30 02:26:13.470401
223,45,Dana,Watson,58,east,179.4,2026-01-20 14:45:29.583386
224,45,Kathryn,Ross,74,it,491.4,2026-01-23 06:20:24.939422
225,171,Angela,Burke,14,million,113.95,2026-02-04 18:47:27.681896
226,99,Patricia,Andrade,80,second,117.78,2026-01-25 08:02:31.517526
227,3,Brian,Ellison,67,might,50.77,2026-01-24 06:28:51.204020
228,123,Lee,Huff,99,born,91.48,2026-02-03 15:37:08.161255
229,101,Tamara,Jones,62,area,107.38,2026-02-09 05:38:34.825290
230,135,Linda,Meyer,2,list,84.72,2026-01-31 16:40:42.364547
231,32,Scott,Johnson,26,manager,484.48,2026-02-06 08:14:56.437993
232,104,Bradley,Davis,12,approach,139.79,2026-02-14 14:38:00.114570
233,87,Kimberly,Moore,27,memory,32.87,2026-02-08 20:56:45.769493
234,160,Laurie,Adams,72,often,440.29,2026-02-01 14:13:54.292600
235,187,Dennis,Clark,21,administration,57.83,2026-01-27 02:30:35.650435
236,58,Jasmine,Miller,60,that,395.09,2026-01-18 21:17:21.419816
237,187,Alexa,Brown,10,animal,116.52,2026-02-14 22:40:35.561203
238,187,Lori,Romero,17,have,296.46,2026-01-22 22:00:07.996709
239,75,Paul,Bowman,59,young,165.44,2026-01-27 04:38:19.256350
240,114,Julie,Johnston,100,financial,113.27,2026-02-13 04:30:15.738905
241,149,Heather,Vasquez,95,window,13.93,2026-01-20 11:42:42.886587
242,121,George,Gray,9,human,201.49,2026-01-23 01:32:00.819743
243,162,Jennifer,Holt,58,sea,373.22,2026-02-03 16:47:38.857442
244,114,Todd,Vaughn,27,country,241.26,2026-02-02 00:30:29.539343
245,174,Pamela,Jones,100,each,122.12,2026-02-02 23:39:48.297375
246,104,Sharon,Williams,60,free,435.82,2026-01-26 22:19:53.841125
247,116,Jessica,Duke,5,reduce,275.07,2026-01-26 23:45:04.567140
248,56,Kurt,Castillo,83,important,348.38,2026-02-04 09:24:01.097135
249,139,Stacey,Levy,66,form,190.64,2026-02-06 05:25:45.221198
250,62,Ashlee,Gonzalez,18,edge,83.05,2026-02-07 04:51:50.075723
251,43,Barbara,Wallace,4,trial,63.68,2026-02-12 00:52:50.011031
252,86,Douglas,Clark,3,again,291.51,2026-02-06 20:08:41.004165
253,1,Jerry,Fernandez,31,and,111.0,2026-01-26 02:17:59.480117
254,193,Matthew,Miles,6,almost,198.8,2026-02-08 20:35:48.017431
255,90,Michelle,Randolph,63,again,260.68,2026-01-21 05:49:56.532244
256,142,Jessica,Olson,78,three,319.74,2026-01-28 18:35:50.907837
257,8,Sarah,Howard,27,huge,330.41,2026-02-02 08:08:44.018030
258,83,Michael,Gonzalez,64,professional,385.24,2026-01-18 18:41:37.453391
259,135,Kyle,Hall,55,value,215.12,2026-02-10 22:54:26.858810
260,38,Beverly,Holloway,10,film,336.05,2026-02-09 12:03:57.411950
261,164,Jenna,Golden,44,here,303.57,2026-01-24 23:07:18.647063
262,199,Crystal,Long,33,town,138.37,2026-02-08 07:25:10.661805
263,12,Todd,Kim,32,election,397.05,2026-02-10 14:22:13.140048
264,14,Rachel,Ruiz,38,leg,304.25,2026-02-15 07:31:47.070642
265,58,Erin,Freeman,98,community,450.76,2026-01-20 23:53:35.757316
266,128,Richard,Simpson,21,school,348.94,2026-01-17 16:05:02.002659
267,98,Brandi,Doyle,27,article,223.52,2026-02-11 17:04:29.706098
268,102,Donald,Howard,66,alone,389.16,2026-02-11 07:55:17.606269
269,2,Johnathan,Powell,75,manage,479.1,2026-02-08 15:25:55.750691
270,165,Darryl,Bennett,78,ability,414.04,2026-02-03 20:33:45.556874
271,38,Emily,Carter,96,across,126.5,2026-02-12 13:33:04.445454
272,174,Manuel,Smith,50,ready,462.99,2026-02-01 11:07:54.523201
273,168,Miguel,Hughes,52,reflect,64.98,2026-01-22 05:13:15.456295
274,128,Christine,Leon,78,wide,59.84,2026-02-04 04:53:36.692299
275,142,Maxwell,Gonzalez,48,national,334.92,2026-01-23 16:42:41.062491
276,147,Zachary,Johnson,66,campaign,13.59,2026-01-25 21:58:17.670942
277,125,Damon,Mendoza,11,discover,400.01,2026-01-28 10:02:57.588074
278,61,Melissa,Allen,99,suggest,202.12,2026-02-06 09:25:00.889568
279,62,Matthew,Farrell,68,environmental,188.49,2026-01-19 22:18:06.748631
280,185,Glenn,Mckay,13,avoid,187.51,2026-02-15 05:56:19.139513
281,113,Craig,Welch,9,court,252.24,2026-02-05 09:39:12.925111
282,138,Jason,Sanchez,62,believe,10.46,2026-02-14 04:53:04.292949
283,54,Kevin,Young,25,administration,296.63,2026-01-27 06:20:19.287548
284,8,Nicholas,Gay,32,space,259.86,2026-02-01 15:30:56.204702
285,138,Billy,Allen,7,show,426.28,2026-01-18 17:13:12.055853
286,110,Sara,Higgins,39,serve,250.42,2026-02-14 05:37:05.938255
287,181,Richard,Mcmahon,57,meet,274.71,2026-02-08 05:00:45.077173
288,165,Derrick,Shannon,10,glass,135.95,2026-02-09 01:44:02.728294
289,56,Zachary,Rogers,11,special,454.22,2026-02-05 09:56:53.128860
290,63,Tiffany,Daniels,42,join,388.25,2026-02-14 03:05:51.837437
291,110,Carolyn,Callahan,11,admit,214.17,2026-02-06 01:20:54.213603
292,77,Amy,Smith,60,memory,467.93,2026-01-29 05:17:55.087431
293,165,Ashley,Thompson,72,best,205.85,2026-01-24 20:48:36.067136
294,121,Kelly,Johnson,34,develop,404.6,2026-02-08 19:34:26.507049
295,149,Eric,King,31,heart,49.14,2026-02-10 07:52:38.898710
296,37,Julia,Rodriguez,69,be,32.8,2026-02-14 21:31:18.198038
297,89,Stacy,Hawkins,40,scientist,247.44,2026-02-08 18:19:03.742575
298,40,Kathryn,Tran,62,college,92.39,2026-01-19 18:16:46.068240
299,168,Nathan,Nelson,70,tax,306.2,2026-02-12 01:09:38.714203
300,28,Patrick,Haynes,56,eye,175.13,2026-01-25 01:46:44.153666
301,78,Robert,Fischer,96,somebody,107.89,2026-02-06 21:40:32.134752
302,140,Kevin,Hatfield,57,skill,134.25,2026-01-29 15:37:50.799059
303,144,Kathleen,Maldonado,24,range,132.1,2026-01-17 20:35:11.115629
304,149,Ronald,Smith,9,article,112.41,2026-02-05 15:20:51.797652
305,125,Samantha,Small,41,fast,418.68,2026-01-29 14:26:52.533445
306,25,Stephanie,Stewart,57,already,316.76,2026-01-27 10:24:49.678962
307,93,Donna,Jenkins,51,after,37.32,2026-02-10 17:18:27.767099
308,167,Ronald,Taylor,41,image,473.7,2026-02-15 03:41:33.981535
309,149,Daniel,Robinson,4,another,195.17,2026-01-18 20:40:27.915243
310,97,Vincent,Huff,90,evening,148.32,2026-01-25 00:15:50.513293
311,88,Joshua,Fisher,10,measure,18.93,2026-02-14 17:03:30.179139
312,170,Rachel,Boyle,13,place,234.5,2026-01-28 18:38:20.332581
313,165,Diana,Davis,65,door,390.94,2026-02-03 16:08:23.362101
314,111,Gary,Park,29,us,254.12,2026-01-26 11:53:32.761479
315,174,Jessica,Jensen,38,audience,447.38,2026-02-09 10:30:25.537340
316,47,Robert,Lopez,14,generation,447.45,2026-02-09 03:20:20.297454
317,93,Monique,Edwards,66,treatment,96.1,2026-02-12 19:17:55.681445
318,13,Steven,Hamilton,56,too,278.2,2026-01-17 08:59:15.063566
319,175,James,Sanchez,67,anything,403.45,2026-01-28 17:36:13.249038
320,34,Rachel,Evans,9,hear,384.77,2026-02-14 03:10:49.540724
321,135,Charles,Martinez,7,cold,138.26,2026-02-12 16:11:27.641750
322,103,Beth,Giles,15,oil,348.66,2026-01-31 08:21:39.089061
323,31,Veronica,Martinez,39,page,101.42,2026-01-22 22:07:07.422085
324,168,Kyle,Diaz,3,when,329.87,2026-02-12 06:38:34.059197
325,105,Denise,Sexton,77,first,410.87,2026-01-26 14:38:17.860682
326,93,Victoria,Higgins,66,draw,498.99,2026-01-28 18:00:47.005685
327,63,George,Morse,91,loss,454.76,2026-02-11 19:19:14.053493
328,85,David,Burgess,10,major,489.22,2026-01-18 21:36:15.343748
329,134,Zachary,Vega,1,store,15.09,2026-02-08 00:58:35.824563
330,87,Raymond,Simon,17,senior,85.08,2026-02-08 07:17:04.696212
331,100,James,Warren,20,stuff,299.46,2026-01-21 13:08:42.518379
332,25,Kimberly,Arias,3,entire,152.68,2026-01-29 02:11:59.425169
333,142,Tony,Chavez,50,a,381.02,2026-02-13 23:17:44.478775
334,199,Michael,Knight,95,soon,389.59,2026-02-08 09:32:02.221410
335,18,James,Spencer,51,growth,212.3,2026-01-28 04:50:37.460045
336,199,Amy,Taylor,23,prevent,311.94,2026-02-13 00:09:13.603404
337,109,Jennifer,Hughes,45,how,399.71,2026-02-08 18:59:49.612844
338,156,Mary,Long,46,health,365.66,2026-01-31 03:16:23.773644
339,53,Christopher,Wilson,43,can,334.97,2026-01-29 08:23:11.199677
340,152,Corey,Walker,91,address,324.93,2026-02-13 00:29:54.076875
341,106,Rebecca,Cole,31,member,289.48,2026-02-02 06:14:30.341834
342,75,Jennifer,Smith,79,reach,208.12,2026-01-28 00:33:24.582717
343,191,Joshua,Kelly,71,week,51.77,2026-01-23 03:10:44.785783
344,170,Billy,Rhodes,92,environmental,137.21,2026-02-09 18:06:45.200894
345,179,Timothy,Alvarez,54,mission,118.86,2026-01-22 17:30:23.212558
346,131,Heather,Lewis,30,third,210.48,2026-02-10 22:41:19.957126
347,38,Michael,Baker,84,message,106.12,2026-02-11 08:18:43.402540
348,138,Antonio,Deleon,52,light,98.1,2026-01-17 12:26:17.524907
349,98,Regina,Reed,21,audience,474.1,2026-02-14 07:22:13.030403
350,58,Renee,Henry,53,none,49.8,2026-01-24 15:29:01.906533
351,190,Alicia,Rodriguez,10,leave,406.93,2026-01-30 16:27:29.215123
352,92,Elizabeth,Lawrence,10,Mr,249.95,2026-01-20 15:20:05.099627
353,167,Sarah,Garcia,77,perform,162.87,2026-01-23 17:22:17.830742
354,33,Richard,Craig,79,employee,408.67,2026-02-08 12:23:28.504649
355,36,Erin,Jones,42,be,485.03,2026-02-06 16:16:39.812144
356,141,Ashley,Simpson,60,already,334.78,2026-01-26 08:07:43.461566
357,73,Kaitlin,Alexander,23,Mrs,262.79,2026-02-09 12:33:17.159080
358,53,Nicole,Chen,98,great,423.49,2026-01-26 01:15:35.616792
359,110,John,Lopez,44,season,125.9,2026-02-03 16:39:33.439759
360,38,Jamie,Peterson,64,poor,499.53,2026-02-11 07:01:45.549947
361,155,Kevin,Cordova,26,see,489.95,2026-01-18 08:28:51.728137
362,118,Tonya,Nguyen,31,strategy,405.75,2026-01-23 19:19:49.276065
363,1,Lori,Bell,21,take,375.11,2026-02-07 05:07:35.367114
364,175,Lori,Rogers,81,significant,130.88,2026-01-26 19:21:00.303671
365,99,Stacy,Taylor,75,cut,38.24,2026-02-03 19:47:04.566724
366,112,Joshua,Gilmore,21,industry,247.71,2026-02-12 09:51:22.653299
367,105,Robert,Young,43,reduce,60.12,2026-02-05 18:34:00.526567
368,29,Lisa,Morgan,24,doctor,299.28,2026-01-21 06:56:26.907097
369,3,Eric,Taylor,44,thousand,322.83,2026-02-07 22:26:45.524411
370,31,Amanda,Moreno,86,kitchen,126.05,2026-02-04 20:28:00.268191
371,66,Melinda,Clark,3,stock,26.7,2026-01-24 21:18:39.622586
372,166,Dustin,Moody,4,good,386.51,2026-01-21 19:51:47.930730
373,120,Melissa,Young,16,enter,391.33,2026-01-27 22:09:46.920846
374,169,Mary,Leon,28,effort,448.57,2026-02-01 18:04:39.669453
375,34,Lisa,Norris,3,fight,58.23,2026-01-27 20:06:54.641398
376,151,Katherine,Gaines,73,organization,437.26,2026-01-27 21:46:28.140354
377,44,Karen,Dominguez,38,it,430.24,2026-02-12 00:11:23.224797
378,34,Susan,Flores,79,bring,128.06,2026-01-17 14:23:22.255060
379,186,Jesse,Browning,66,enjoy,55.16,2026-01-23 08:05:33.783580
380,18,Sheila,Weber,52,senior,288.59,2026-01-24 04:35:52.382041
381,156,Anthony,Martin,78,community,63.79,2026-01-31 06:53:22.595456
382,96,Samantha,Riley,81,suffer,109.7,2026-02-09 02:06:25.310350
383,82,Jessica,Stokes,72,because,123.66,2026-01-23 00:55:04.251123
384,189,Patrick,Snyder,34,special,446.41,2026-02-15 13:27:21.532240
385,3,Timothy,Patterson,29,wrong,305.35,2026-02-08 17:53:07.965779
386,113,Samuel,Nguyen,7,answer,213.99,2026-02-14 11:23:16.225077
387,5,Tiffany,Johnson,43,specific,236.55,2026-01-30 07:21:21.776603
388,165,Jeremy,Walter,94,Mr,8.65,2026-01-28 13:12:30.698888
389,19,Angelica,Gaines,13,speak,380.82,2026-01-25 10:26:29.014833
390,128,Albert,Berg,25,test,297.13,2026-02-09 09:23:26.429723
391,86,Brent,Rivera,26,human,314.32,2026-02-09 16:02:41.039951
392,154,Karen,Combs,32,throw,433.16,2026-02-11 08:43:48.777372
393,108,Robert,Fowler,1,election,135.77,2026-01-18 14:29:24.796761
394,79,Jonathon,Ray,45,he,37.79,2026-02-07 12:23:43.954507
395,3,Amanda,Cameron,67,ready,469.94,2026-02-05 00:35:05.503937
396,31,Devon,Shaw,18,race,336.64,2026-02-02 18:48:05.902259
397,196,Sara,Wilson,54,center,21.49,2026-02-05 23:50:43.710093
398,128,Brooke,Green,92,dark,104.92,2026-02-06 02:57:33.948907
399,37,Jennifer,Grant,54,director,129.05,2026-01-19 19:43:28.382387
400,188,James,Anderson,43,old,435.87,2026-02-09 04:47:43.592632
401,82,Savannah,Oneill,48,usually,411.46,2026-01-19 10:39:24.425067
402,50,Wayne,Gibson,35,weight,234.25,2026-01-17 11:59:30.162755
403,19,Joseph,Thomas,1,usually,274.37,2026-01-22 20:03:03.287834
404,146,Danielle,Collins,70,key,133.1,2026-01-18 13:14:28.695299
405,98,Robin,Fuentes,23,necessary,157.38,2026-02-13 06:52:08.559843
406,193,Philip,Simon,2,turn,364.36,2026-02-11 05:31:17.420902
407,120,Crystal,Walker,52,media,337.93,2026-02-04 09:41:03.835333
408,146,Chad,Garcia,70,bank,32.16,2026-01-24 23:42:57.554556
409,61,Rhonda,Tran,85,yet,97.83,2026-02-07 15:51:59.549754
410,49,Michael,Lewis,31,something,373.18,2026-02-05 23:52:44.566208
411,49,Lawrence,Huerta,64,through,92.75,2026-01-24 04:02:11.852272
412,104,Tiffany,Pacheco,23,him,35.18,2026-02-06 14:14:40.473860
413,165,Courtney,Holloway,100,million,466.8,2026-02-10 05:58:59.264408
414,50,Luis,Williams,26,approach,464.22,2026-01-31 03:55:15.032585
415,190,Michael,Gordon,12,wrong,337.81,2026-02-07 20:38:02.620857
416,112,Andrea,Fleming,99,staff,232.23,2026-02-07 22:53:37.790897
417,137,Vincent,Palmer,18,mean,159.48,2026-01-26 13:15:26.721590
418,163,Kimberly,Jones,24,ahead,271.25,2026-01-25 23:08:14.206725
419,107,Victoria,Baker,13,dark,353.67,2026-01-27 13:45:44.647885
420,37,Michelle,Gonzalez,91,its,492.56,2026-01-27 22:39:27.245634
421,65,James,Dunn,65,decide,435.22,2026-01-19 10:28:55.292813
422,23,Lisa,Mcdonald,56,entire,458.82,2026-02-02 00:12:38.114466
423,60,Gregory,Adams,19,partner,161.77,2026-02-07 13:52:40.375922
424,27,Stacy,Richards,40,produce,333.77,2026-01-31 13:12:38.038489
425,154,Brandon,Barber,11,better,288.8,2026-02-12 12:46:05.011138
426,192,Rebecca,Goodman,28,story,280.13,2026-01-29 16:18:42.497047
427,6,Derek,Williams,34,against,105.43,2026-02-03 13:02:39.131650
428,52,Kelly,Brown,24,fish,271.82,2026-02-09 03:01:35.989662
429,2,Katherine,Garcia,56,name,210.55,2026-01-25 00:30:24.371067
430,108,Sherri,Sanchez,50,strong,103.97,2026-01-23 09:26:32.372868
431,183,Melanie,Moreno,87,support,51.45,2026-01-18 16:58:53.048182
432,67,Desiree,Ellison,9,how,431.59,2026-01-24 17:45:02.337733
433,159,Gregory,Brown,69,war,372.68,2026-01-30 16:24:50.345559
434,46,Jason,Juarez,11,election,97.01,2026-01-31 23:51:28.010809
435,119,Dale,Mckee,79,hope,241.03,2026-01-22 14:02:50.586000
436,153,Ashlee,Allen,77,check,231.37,2026-01-31 10:21:44.642436
437,193,Nathan,Carpenter,21,economy,248.53,2026-01-21 12:01:54.234329
438,171,Gwendolyn,Gomez,79,name,383.68,2026-02-11 13:20:52.360214
439,140,Hannah,Barnett,89,catch,294.24,2026-01-21 00:14:37.356387
440,99,Nicholas,Jacobs,4,practice,284.86,2026-01-27 11:40:26.318334
441,35,Robert,Valdez,44,PM,54.62,2026-02-05 08:45:46.781769
442,137,Sydney,Hunt,12,evidence,487.64,2026-02-05 03:09:03.060055
443,27,Miranda,Harvey,30,commercial,328.56,2026-02-05 22:22:00.259810
444,13,Bryce,Oliver,50,similar,43.31,2026-01-21 18:48:27.426117
445,91,Michael,Castro,71,option,132.76,2026-02-07 14:29:29.059509
446,86,Mary,Lawson,52,similar,192.65,2026-02-08 00:08:57.260860
447,36,Ronnie,Bowen,13,writer,92.44,2026-02-05 13:18:40.686375
448,4,Emily,Davis,58,friend,361.56,2026-01-17 11:58:03.473889
449,157,Alan,Morgan,55,name,32.02,2026-02-05 23:04:25.528691
450,180,Tyler,Mosley,64,south,66.84,2026-02-04 06:27:03.945761
451,96,Austin,Lopez,54,lay,169.72,2026-01-24 16:37:41.973518
452,104,Kyle,Holt,88,new,417.6,2026-02-04 06:32:45.085667
453,40,Catherine,Sandoval,68,dinner,304.37,2026-01-25 17:21:11.034169
454,122,Rachel,Castro,62,officer,63.24,2026-01-29 12:05:06.060198
455,145,Aaron,Reyes,45,police,389.34,2026-02-11 05:47:02.095916
456,144,Joshua,Morrow,16,much,480.67,2026-01-31 03:37:46.855801
457,116,Lauren,Richmond,21,feel,77.91,2026-01-23 19:35:07.041925
458,144,Martin,Bright,82,thing,25.52,2026-02-10 12:54:13.745052
459,179,Jill,Anderson,76,side,390.86,2026-01-26 06:01:21.096696
460,190,Elijah,Sutton,37,operation,389.39,2026-02-06 08:35:32.936615
461,92,William,Morse,82,laugh,192.39,2026-01-28 07:58:27.963311
462,195,Tyler,Hester,97,fight,40.24,2026-02-14 23:52:01.104009
463,87,Joe,Brown,57,program,225.12,2026-02-04 20:33:08.190123
464,87,Adam,Jones,55,at,205.69,2026-01-19 16:47:08.167330
465,65,Brooke,Burnett,39,share,158.22,2026-02-10 22:24:11.000927
466,87,Elizabeth,Garcia,80,must,118.2,2026-01-20 01:07:12.819559
467,41,Nicolas,Ramirez,38,walk,448.8,2026-01-17 08:21:54.030655
468,133,Francisco,Bernard,94,laugh,139.4,2026-01-20 08:45:53.697064
469,63,Lindsey,Taylor,67,off,159.63,2026-02-09 05:26:19.880973
470,103,Connor,Coleman,82,individual,306.12,2026-02-03 14:28:37.377578
471,118,Scott,Blanchard,88,bad,189.35,2026-02-03 01:51:21.400219
472,127,Jesse,Hill,23,approach,289.88,2026-01-23 06:40:31.563902
473,25,Joel,Lee,80,our,311.03,2026-02-06 15:30:55.535721
474,157,Lori,Mckenzie,68,impact,302.39,2026-02-07 04:35:51.180503
475,98,Donald,Brooks,93,one,104.75,2026-01-31 04:38:10.421542
476,167,Paul,Gibson,44,down,322.62,2026-01-18 09:57:12.908636
477,13,Kevin,Moore,76,image,113.33,2026-01-16 22:25:39.086873
478,3,Gregory,Cooper,12,indeed,16.13,2026-01-27 09:17:22.353379
479,81,Michele,Mullins,52,star,152.76,2026-02-09 04:41:28.743085
480,168,Dominique,Gonzalez,48,ask,228.62,2026-02-02 06:17:39.777272
481,173,Tina,Haas,19,career,157.12,2026-02-10 20:06:24.982814
482,53,Gina,Sims,7,west,396.75,2026-01-27 01:07:43.288356
483,151,Kevin,Sweeney,28,be,445.75,2026-01-29 06:28:52.550975
484,48,Megan,Shepherd,84,position,281.44,2026-02-05 00:32:50.927767
485,3,Billy,Chen,43,structure,345.25,2026-01-25 04:59:44.114074
486,185,Audrey,Spencer,36,few,385.74,2026-02-07 15:09:18.004811
487,64,James,Dixon,11,type,282.39,2026-02-14 16:57:39.675978
488,195,Daniel,Dickerson,54,teach,171.03,2026-01-30 05:48:17.379966
489,109,Joshua,Sanchez,51,position,214.65,2026-02-01 00:00:20.142458
490,16,Jeffrey,Hodge,57,prepare,26.92,2026-02-01 06:06:36.603031
491,45,Michael,Woods,22,strategy,383.03,2026-02-06 10:37:17.515047
492,35,Allen,Parker,76,health,99.2,2026-01-27 04:07:08.144858
493,138,Gregory,Lopez,59,born,76.1,2026-02-01 22:44:08.733372
494,198,Jacob,Mcdaniel,6,kind,46.06,2026-01-20 10:47:52.431552
495,38,Susan,Garcia,24,star,120.48,2026-01-22 21:14:24.892364
496,51,Rebecca,Diaz,4,ten,354.17,2026-01-17 11:13:53.869259
497,10,Travis,Smith,79,nature,278.43,2026-01-23 06:41:38.458372
498,63,Thomas,Stephenson,60,history,13.89,2026-01-31 09:53:45.368764
499,1,Rodney,Vasquez,72,especially,364.13,2026-01-26 09:36:31.025170
500,40,Melissa,Clements,68,good,184.41,2026-01-27 12:13:34.706335
501,117,Amy,Hughes,28,hotel,410.27,2026-02-01 08:17:28.579749
502,177,Brooke,Walker,69,scene,359.8,2026-01-20 09:16:49.984872
503,71,Darren,Ramirez,32,decide,409.85,2026-01-21 20:56:51.476986
504,139,Justin,Baker,63,hope,142.77,2026-01-26 17:12:40.342641
505,169,Joann,Barrett,53,owner,351.83,2026-01-28 02:25:28.824171
506,186,William,Santiago,61,cost,350.08,2026-01-18 16:32:59.513218
507,99,Michael,Davidson,46,impact,372.99,2026-01-24 14:13:31.026978
508,198,Michelle,Roman,26,opportunity,364.83,2026-02-05 20:38:20.254287
509,159,Rose,Lopez,93,kid,432.49,2026-01-28 08:50:41.518449
510,29,Jeffrey,Hudson,82,people,88.81,2026-02-15 02:13:45.674482
511,60,Nicholas,Williams,98,mouth,255.37,2026-01-30 04:59:27.601270
512,43,Mark,Yu,39,two,233.31,2026-02-03 15:25:42.799839
513,111,Sharon,Villegas,61,threat,493.41,2026-01-29 15:10:34.764396
514,182,Jamie,Norton,24,foot,429.68,2026-01-30 01:57:43.408254
515,72,Kenneth,Espinoza,39,record,94.6,2026-01-21 07:51:39.594559
516,141,Sherry,Todd,44,both,36.22,2026-01-19 10:44:33.567417
517,140,Willie,Francis,10,people,465.22,2026-02-08 01:10:01.410616
518,87,Francis,Berry,50,behavior,41.76,2026-02-13 19:32:46.808089
519,33,Sydney,Jenkins,5,doctor,460.15,2026-01-29 07:15:48.088443
520,59,Debra,Trujillo,61,for,14.33,2026-02-04 01:45:03.505464
521,87,Erica,Mason,81,century,245.13,2026-02-06 17:36:06.088248
522,134,Tamara,Petersen,23,for,235.89,2026-01-22 05:07:05.775291
523,132,Jill,Kelley,31,light,58.98,2026-01-21 03:15:31.190068
524,192,Christopher,Davenport,93,why,244.07,2026-02-07 18:12:08.493610
525,36,Joshua,Mitchell,34,student,191.49,2026-01-29 00:11:09.858478
526,8,David,Sanchez,72,represent,129.12,2026-02-04 03:54:02.095742
527,97,Elizabeth,Taylor,40,or,357.44,2026-02-01 18:05:20.985535
528,175,Brandon,Poole,94,reveal,130.13,2026-02-13 01:34:42.116212
529,95,Gregory,Johnson,5,partner,227.5,2026-01-19 00:24:48.838485
530,31,Christopher,Reyes,60,director,305.03,2026-02-14 09:10:43.703224
531,59,Blake,Forbes,42,human,485.01,2026-01-18 14:05:05.793217
532,84,Jesse,Gonzalez,72,toward,154.14,2026-02-09 09:36:28.596563
533,104,Doris,Todd,61,wall,467.3,2026-02-07 17:14:32.344459
534,96,Anthony,Davis,56,pick,178.73,2026-02-02 11:18:18.312863
535,72,Kimberly,Ortiz,90,beautiful,227.95,2026-02-15 04:44:41.072684
536,89,Matthew,Anderson,66,across,472.97,2026-02-13 06:18:48.353151
537,170,Holly,Torres,87,nearly,198.91,2026-02-03 18:07:09.225890
538,140,Megan,Hernandez,58,such,49.6,2026-02-02 03:28:47.879186
539,3,Emily,Smith,32,least,226.67,2026-02-06 14:35:38.798641
540,2,Stephanie,Sanchez,25,sell,20.88,2026-01-21 00:25:22.086293
541,68,Sarah,Mckay,19,budget,135.67,2026-02-09 04:40:39.287988
542,179,Brenda,Booker,32,form,378.2,2026-02-03 09:16:07.192502
543,61,Kim,Sloan,66,here,40.85,2026-02-03 21:05:37.691844
544,140,Jennifer,Lopez,32,view,95.46,2026-01-20 14:52:15.713593
545,41,Kent,Wright,72,executive,13.51,2026-01-27 06:11:25.599797
546,199,Gary,Walker,76,father,307.77,2026-02-14 17:29:20.365549
547,195,Jeff,Yates,10,may,242.89,2026-01-29 08:52:00.705729
548,164,Joseph,Peters,93,rich,190.75,2026-02-12 23:39:07.135841
549,152,Mary,Pratt,21,share,355.0,2026-02-15 09:11:28.736282
550,2,Jamie,Olson,65,attorney,49.15,2026-01-27 19:39:33.731729
551,97,Ruth,Ross,98,throughout,348.93,2026-01-16 21:27:54.635081
552,172,William,Burke,88,no,280.06,2026-01-23 03:10:53.772019
553,19,Norma,Ramirez,54,possible,373.95,2026-02-11 05:29:55.523292
554,165,Wesley,Garcia,4,clear,85.28,2026-02-10 21:39:30.910092
555,84,Phyllis,Ward,62,conference,188.03,2026-01-29 12:59:27.710590
556,22,Michael,Keller,97,her,200.41,2026-01-17 23:28:05.458414
557,152,Ruben,Goodman,41,between,233.32,2026-01-30 22:19:23.867347
558,89,Zachary,Martinez,68,education,286.15,2026-02-15 13:02:38.882389
559,162,Mark,White,74,provide,82.83,2026-01-20 18:30:15.353836
560,51,Danny,Baxter,59,expert,47.79,2026-02-14 09:24:18.757926
561,139,Dana,Morrison,13,land,143.54,2026-02-10 02:38:46.232635
562,95,Ashley,Smith,27,himself,384.81,2026-02-05 22:14:35.369206
563,99,Megan,Boyd,38,hotel,80.23,2026-01-25 02:08:48.766693
564,84,Paul,Rhodes,43,beyond,181.66,2026-02-04 06:14:30.094364
565,7,Derek,Lopez,77,spend,193.39,2026-02-15 04:05:18.215980
566,162,Jay,Hall,49,color,142.58,2026-01-20 09:34:04.927125
567,10,April,Winters,13,practice,342.19,2026-01-25 15:24:24.526252
568,122,Sheena,Richmond,75,near,145.59,2026-02-02 07:24:46.478764
569,46,Eric,Coleman,17,trip,494.6,2026-02-12 13:01:34.907457
570,174,Mark,Martinez,44,group,87.95,2026-01-25 19:04:55.113533
571,82,Jonathan,Walker,9,protect,61.44,2026-02-02 03:35:09.879826
572,76,Pamela,Snyder,39,shoulder,296.37,2026-01-28 15:40:30.380966
573,183,Ryan,Lopez,1,beat,111.3,2026-01-17 21:06:09.784804
574,132,Rachel,Perkins,50,management,239.53,2026-01-20 07:29:17.258012
575,139,Jennifer,Young,31,probably,245.54,2026-02-09 14:34:21.524750
576,10,Michelle,Lopez,39,rest,294.9,2026-01-26 18:36:26.865852
577,23,John,Jackson,26,speak,263.16,2026-01-22 10:12:40.652936
578,71,Justin,Taylor,76,may,368.13,2026-02-06 03:12:49.893861
579,112,Rebekah,Bolton,29,organization,118.24,2026-02-09 06:55:39.161757
580,39,Jerry,Barnes,44,bad,68.6,2026-02-12 14:19:40.320989
581,179,Juan,Smith,64,fall,159.88,2026-01-19 08:39:07.041178
582,4,Dennis,Cooper,32,prove,11.02,2026-02-08 04:54:16.949581
583,2,Suzanne,Higgins,17,husband,340.06,2026-02-14 17:48:20.012794
584,53,Jeffrey,Nelson,77,evidence,453.34,2026-02-01 08:15:23.758371
585,112,Whitney,Vang,16,cost,228.5,2026-02-05 02:55:39.334328
586,58,Emily,Bolton,15,modern,496.33,2026-02-07 13:04:44.347585
587,1,Alfred,Ponce,35,yourself,36.67,2026-01-26 21:29:15.913365
588,71,Bridget,Lee,58,every,401.09,2026-01-30 00:59:23.731954
589,60,Amanda,Ramirez,56,why,286.78,2026-02-04 19:04:27.622488
590,45,James,Hernandez,29,later,145.01,2026-01-23 23:07:55.967215
591,146,Renee,Nichols,45,reduce,493.16,2026-02-13 02:56:32.468938
592,121,Timothy,Hardin,73,when,285.46,2026-01-17 01:14:54.401321
593,37,Daniel,Glover,75,positive,159.73,2026-02-12 13:51:27.273076
594,154,Alexa,Larsen,8,choose,323.47,2026-01-31 04:57:14.625934
595,115,Jesse,Lowery,83,take,376.85,2026-01-21 13:02:18.409636
596,182,Victoria,Richardson,76,room,340.48,2026-01-29 06:28:51.248269
597,167,Ryan,Bailey,68,certainly,471.2,2026-01-29 15:49:07.290875
598,134,Timothy,Valenzuela,34,relationship,256.43,2026-01-17 17:23:49.489032
599,113,Michael,Gonzalez,87,two,297.88,2026-02-05 14:44:05.283952
600,143,Billy,Thomas,28,almost,380.62,2026-02-06 10:34:47.912973
601,49,Jeremy,Fisher,36,art,142.99,2026-02-02 22:01:46.399918
602,198,Michael,Ruiz,73,style,445.49,2026-02-06 16:48:10.744572
603,2,Scott,Thompson,84,strong,402.78,2026-01-20 10:22:22.247470
604,179,Melinda,Moss,62,write,24.95,2026-02-07 23:31:42.460045
605,55,Teresa,Steele,6,ok,67.91,2026-01-20 09:35:43.852882
606,80,Warren,Lutz,92,key,400.58,2026-02-15 10:20:30.940114
607,107,Audrey,Rivera,4,them,34.09,2026-02-02 09:08:58.652494
608,54,Raymond,Sanchez,57,crime,110.3,2026-01-18 04:03:46.759237
609,119,Christopher,Gamble,87,few,287.62,2026-01-19 09:56:41.338107
610,79,Brian,Nguyen,51,health,51.6,2026-02-02 16:20:09.118224
611,88,James,Santos,85,carry,32.49,2026-01-25 14:59:32.901378
612,177,Katherine,Gibson,10,store,439.6,2026-01-29 12:01:02.202118
613,128,Ethan,Lambert,96,face,394.63,2026-01-23 04:59:31.467661
614,4,Eric,Durham,21,anything,87.76,2026-02-15 08:06:45.936253
615,173,Diana,Griffith,81,continue,242.98,2026-02-02 04:50:58.701526
616,194,Maria,Lewis,80,responsibility,24.88,2026-01-28 14:18:05.560723
617,138,Scott,Young,39,report,296.34,2026-02-08 04:13:18.385172
618,5,Heidi,Wu,45,lead,63.0,2026-01-18 05:54:04.090127
619,92,Brian,Shields,89,military,462.52,2026-02-04 13:47:03.066715
620,141,Jerry,Gutierrez,84,push,116.01,2026-01-27 16:58:33.899058
621,37,Danielle,Walker,71,detail,292.63,2026-01-18 06:06:34.011937
622,26,Christina,Garrett,28,same,295.99,2026-01-31 05:34:44.259185
623,145,Cindy,Hebert,90,field,444.33,2026-01-26 00:57:21.386499
624,32,Ronald,Wells,32,pull,62.54,2026-01-23 18:00:39.642447
625,148,Stephanie,Young,77,quality,107.38,2026-01-30 10:32:40.874239
626,166,Manuel,Wilkins,24,medical,75.59,2026-01-19 20:54:04.266933
627,78,James,Kim,28,participant,207.24,2026-01-24 15:15:40.894084
628,189,Jason,Price,61,eat,224.26,2026-02-08 07:58:36.741315
629,106,Jerry,Mitchell,97,since,224.02,2026-01-17 02:19:14.130653
630,116,Gary,Suarez,99,the,274.09,2026-01-22 01:24:42.614874
631,102,Travis,Cervantes,81,half,15.09,2026-01-26 19:52:29.761879
632,69,William,Harris,33,shoulder,356.62,2026-02-07 08:14:09.048699
633,65,Brian,Hogan,41,doctor,61.07,2026-01-25 15:35:33.126436
634,1,Jennifer,Morales,1,rather,152.69,2026-01-21 05:18:26.252548
635,168,James,Hawkins,85,significant,373.99,2026-02-09 22:43:52.957238
636,103,Brenda,Sanders,80,take,339.27,2026-02-12 01:54:34.130888
637,70,James,Garcia,38,discover,109.07,2026-02-14 05:19:04.723057
638,83,Charles,Jacobs,74,thought,467.99,2026-02-14 08:52:46.702426
639,145,Caleb,Simmons,41,suddenly,320.53,2026-02-05 02:22:31.132263
640,126,Christian,Stout,62,argue,8.2,2026-01-30 13:10:23.430219
641,169,Victoria,Garcia,2,well,90.13,2026-02-10 18:10:55.334567
642,147,Donna,Curtis,21,everything,185.85,2026-01-22 14:22:34.949558
643,49,Alexander,Costa,61,management,85.58,2026-01-24 21:07:10.358036
644,147,Jonathan,Jarvis,28,away,112.05,2026-01-27 08:04:13.788348
645,144,Jessica,Daniel,74,where,392.44,2026-01-26 21:11:14.241415
646,158,Sherry,Hart,90,Mrs,394.49,2026-02-13 12:00:30.302587
647,107,Gabriel,Brown,67,write,250.98,2026-02-14 01:58:53.300121
648,71,Denise,Campbell,94,cup,374.46,2026-02-13 12:57:44.607139
649,15,Aaron,Richard,24,prevent,107.49,2026-02-12 04:14:24.440591
650,100,Tony,Mitchell,64,see,437.14,2026-02-15 09:47:51.505979
651,47,Shawn,Harmon,23,summer,161.35,2026-01-27 22:45:34.281298
652,198,Gerald,Clay,10,already,234.07,2026-02-02 04:22:03.322853
653,35,Tracey,Myers,97,where,275.33,2026-02-14 22:00:23.674987
654,164,Robert,Fry,86,be,364.87,2026-02-02 10:04:24.476027
655,151,Johnny,Duarte,48,study,166.79,2026-01-20 13:04:33.318075
656,35,Angela,Tran,28,easy,319.24,2026-02-02 02:10:19.304967
657,74,Michael,Williamson,96,the,332.05,2026-01-19 20:14:27.777940
658,75,Christopher,Davis,81,now,466.24,2026-01-24 17:30:24.805989
659,189,Felicia,Mason,19,phone,169.47,2026-01-28 00:17:20.339887
660,5,Jacob,Boyd,73,cover,328.75,2026-01-29 18:59:59.531324
661,199,Nicole,Zimmerman,53,social,373.21,2026-01-28 22:22:23.782207
662,95,Thomas,Bryant,95,consumer,387.96,2026-01-23 04:04:31.182695
663,150,Charles,Williams,30,race,12.64,2026-01-21 18:29:43.704863
664,29,William,Taylor,93,project,68.1,2026-02-14 13:48:26.382116
665,116,Cynthia,Martin,34,Mrs,498.37,2026-01-18 04:04:02.558840
666,158,Christopher,Phillips,6,similar,354.16,2026-02-01 08:33:36.402492
667,133,Kenneth,Williams,28,put,408.64,2026-02-01 11:39:36.978016
668,87,Jessica,Keith,98,five,182.74,2026-02-06 13:31:50.116174
669,62,Rhonda,Ramirez,2,responsibility,37.98,2026-01-19 20:57:48.366770
670,138,Charles,Lopez,77,chance,386.99,2026-01-18 18:39:19.959647
671,175,Jonathan,Todd,2,early,49.37,2026-01-30 12:35:49.090616
672,182,Taylor,West,9,house,51.73,2026-02-07 19:53:11.611664
673,70,Jessica,Hanna,1,design,15.85,2026-01-31 18:33:27.078922
674,2,Alexander,Sweeney,53,someone,220.9,2026-02-06 09:55:39.598069
675,133,Vicki,Williams,12,professor,196.99,2026-02-07 14:34:11.133828
676,163,Matthew,Williams,67,thing,196.76,2026-02-09 15:42:03.117240
677,113,Alexander,Gross,98,myself,219.43,2026-01-27 19:08:09.169842
678,170,Catherine,Johnson,66,available,323.5,2026-01-31 03:24:10.673611
679,62,Johnny,Sanchez,57,anyone,479.01,2026-01-20 11:07:51.651538
680,33,Stephanie,Chandler,34,you,233.67,2026-01-24 14:40:53.383871
681,4,Melissa,Mccoy,93,floor,112.58,2026-01-25 23:06:22.595162
682,155,Wendy,Brewer,36,amount,13.18,2026-01-25 18:13:21.275100
683,197,Jennifer,Moran,95,and,101.24,2026-01-26 06:44:33.217400
684,30,Christopher,Mills,85,claim,454.62,2026-02-06 13:17:19.039256
685,192,Peter,Kirk,12,deep,191.74,2026-02-14 19:53:22.972066
686,5,Stacey,Edwards,74,him,208.01,2026-02-08 19:25:33.530350
687,77,Shannon,Watkins,54,side,449.11,2026-01-19 09:09:39.264622
688,135,Karen,Adams,98,resource,181.42,2026-01-28 19:06:27.205351
689,22,Wesley,Jenkins,83,begin,381.74,2026-02-08 11:46:42.498757
690,177,Craig,Saunders,56,line,153.24,2026-01-24 06:19:14.034759
691,100,James,Kelly,34,board,193.37,2026-01-28 20:18:36.358939
692,53,James,Vance,61,international,181.06,2026-01-28 07:37:58.777770
693,84,Lauren,Rivers,94,sometimes,77.29,2026-01-30 22:06:56.382172
694,173,Erika,Roach,64,data,23.61,2026-02-10 20:51:40.653987
695,84,Kiara,Perez,2,either,436.78,2026-02-14 00:20:04.401678
696,143,Brittany,Richards,76,popular,219.27,2026-01-22 06:25:01.709093
697,22,Matthew,Thompson,35,save,361.02,2026-02-12 18:22:42.844849
698,182,Stephen,Torres,50,perform,39.09,2026-02-05 17:43:44.936232
699,163,Elizabeth,Andersen,62,goal,148.73,2026-02-12 19:40:04.815873
700,56,Jennifer,Erickson,40,region,145.47,2026-01-27 19:17:24.107404
701,117,Amy,Caldwell,62,approach,362.76,2026-01-26 03:53:26.268985
702,179,Holly,Powers,11,executive,206.44,2026-02-10 09:24:07.932407
703,120,Keith,Lee,37,western,394.04,2026-01-20 20:03:20.006523
704,71,Jacob,Smith,96,quality,474.58,2026-02-05 12:57:16.983557
705,186,Anna,Contreras,10,do,264.05,2026-01-22 10:10:48.321561
706,190,Martha,Terrell,60,sport,107.88,2026-02-14 22:44:36.451550
707,111,Emily,Evans,94,before,182.93,2026-02-08 15:38:53.308785
708,4,James,Sandoval,90,gas,26.18,2026-02-12 02:22:16.731942
709,39,Scott,Lee,54,prevent,33.15,2026-02-04 14:49:56.000041
710,179,Richard,Reed,40,tend,451.38,2026-01-29 23:54:26.389271
711,99,Ruben,Wilkerson,96,garden,423.22,2026-01-29 00:47:08.186460
712,102,Cheyenne,Peters,19,instead,468.29,2026-01-26 13:14:20.496987
713,156,Johnathan,Mclean,58,prevent,273.68,2026-01-29 00:35:26.984829
714,126,Michael,Roman,57,major,313.09,2026-01-18 14:15:43.134462
715,131,Lisa,Dillon,30,area,317.01,2026-01-21 22:06:45.328985
716,8,Katherine,Kemp,87,deal,200.24,2026-02-14 19:01:45.501296
717,94,Mario,Patrick,45,could,120.05,2026-01-31 15:39:17.744569
718,71,Joy,Rose,81,answer,165.21,2026-02-05 23:58:22.284499
719,189,Larry,Hayes,10,number,262.97,2026-02-13 12:17:21.216137
720,38,Deborah,Hines,2,anything,457.6,2026-01-17 06:35:47.460274
721,16,Douglas,Williams,66,become,335.01,2026-01-18 13:26:50.327620
722,153,Paul,Graham,37,major,98.59,2026-01-19 21:03:07.584111
723,159,Destiny,Flynn,85,also,251.54,2026-01-27 10:16:19.562375
724,34,Ralph,Hernandez,97,beautiful,200.34,2026-02-15 07:34:56.280697
725,22,Ian,Hall,47,community,221.13,2026-01-30 22:06:45.454190
726,180,Andre,Lynch,91,radio,470.61,2026-01-24 11:31:26.349828
727,65,Brian,Miller,100,generation,490.31,2026-02-10 12:45:19.683302
728,84,Angela,Mccarty,83,different,410.8,2026-02-09 11:54:21.941361
729,88,Bridget,Mcdaniel,93,business,275.77,2026-02-02 21:03:04.124233
730,96,Joseph,Dunn,4,could,311.49,2026-01-21 00:51:26.954607
731,175,Tina,Parsons,89,white,446.31,2026-02-09 15:21:05.169834
732,124,Charles,Thomas,79,difficult,253.61,2026-02-10 13:55:52.996800
733,37,Cheryl,Henderson,65,only,423.09,2026-01-30 22:50:51.164088
734,200,Tami,Johnson,3,concern,46.88,2026-01-19 07:12:49.672848
735,134,Kendra,Jackson,34,meet,355.0,2026-02-12 07:13:47.448378
736,164,Donna,Walker,90,civil,25.02,2026-01-30 16:08:55.482847
737,118,Jody,Klein,85,space,30.32,2026-01-19 16:18:56.840103
738,102,Gregory,Lloyd,81,feeling,116.7,2026-02-06 22:31:45.443809
739,171,John,Knight,53,ground,150.48,2026-01-30 13:51:41.573196
740,9,Susan,Holland,79,continue,263.81,2026-01-30 00:15:47.560577
741,108,Brandon,Goodman,75,front,428.35,2026-02-03 15:37:36.455313
742,177,Andrew,Taylor,32,other,180.11,2026-01-18 16:08:14.421708
743,16,John,Thompson,37,anything,164.62,2026-01-20 16:32:33.194700
744,108,Erica,Patel,49,difference,289.45,2026-02-03 21:48:57.592652
745,158,Cheryl,Brooks,58,staff,308.06,2026-01-22 00:20:25.150928
746,130,Sergio,Watson,7,sort,359.14,2026-01-26 16:31:49.815398
747,16,Rodney,Schneider,89,tree,445.02,2026-01-26 01:17:07.590715
748,10,Carrie,Morales,98,store,403.48,2026-01-21 05:16:08.287377
749,173,Alyssa,Obrien,46,into,418.79,2026-02-11 23:22:18.413959
750,53,Kelsey,Garza,53,several,320.96,2026-02-03 19:00:16.033605
751,15,Joseph,Weeks,34,ahead,385.8,2026-02-05 15:58:57.352917
752,199,Emily,Valdez,43,animal,17.21,2026-02-07 02:02:30.265396
753,44,Virginia,Obrien,59,yes,147.31,2026-02-04 22:24:05.465910
754,149,Bryce,Shaw,61,ten,164.26,2026-01-18 05:04:59.430561
755,64,Ashley,Robertson,81,song,107.05,2026-02-10 23:40:25.939852
756,141,Alexander,Higgins,56,author,363.04,2026-02-02 00:52:32.630746
757,52,Kayla,Byrd,1,worry,203.03,2026-02-13 18:52:22.100459
758,182,Samuel,Nicholson,48,day,251.76,2026-02-13 20:39:02.673438
759,198,Jonathan,Callahan,35,back,174.97,2026-02-02 13:35:37.657175
760,89,Heather,Torres,13,economic,450.02,2026-01-20 00:46:19.293331
761,88,Kyle,Hall,48,various,188.91,2026-01-24 15:25:18.653011
762,33,Lori,Lopez,97,staff,353.39,2026-02-11 12:06:00.529824
763,196,Eric,Mitchell,19,fall,175.73,2026-01-31 12:40:29.800672
764,161,Melissa,Aguirre,78,offer,462.32,2026-01-21 17:16:53.084099
765,125,Gary,Willis,41,guy,449.09,2026-01-26 12:26:35.998592
766,34,Crystal,Park,85,cut,360.42,2026-01-17 17:05:35.005705
767,18,Donna,Wallace,45,avoid,258.53,2026-02-01 01:59:52.113986
768,132,Peter,Pena,28,technology,341.02,2026-01-31 15:40:03.914222
769,93,David,Delgado,1,continue,95.64,2026-02-04 21:51:55.169271
770,168,Deborah,Anderson,25,inside,308.57,2026-01-30 14:56:49.053838
771,13,Erika,Little,6,action,279.58,2026-01-23 20:28:31.161083
772,178,Justin,Ross,19,list,89.65,2026-01-25 12:16:15.997940
773,98,Matthew,Nichols,58,smile,478.15,2026-01-29 10:17:16.724821
774,23,Joseph,Scott,30,serve,346.77,2026-02-15 00:26:18.050795
775,153,Randy,Aguilar,86,research,474.01,2026-02-09 04:50:29.215433
776,90,Micheal,Anderson,52,receive,188.33,2026-01-18 23:08:23.909124
777,51,Melissa,Perez,20,movement,351.48,2026-01-28 07:24:51.718298
778,159,Jon,Gardner,99,news,324.69,2026-01-22 13:48:14.248573
779,20,Michael,Neal,17,during,423.91,2026-01-25 03:43:21.936398
780,4,Denise,Randall,36,into,324.37,2026-01-27 13:32:06.254456
781,32,Nathan,Mcmahon,57,left,339.27,2026-01-25 17:20:55.027926
782,89,Brett,Martin,31,hospital,371.61,2026-01-24 23:09:30.714671
783,198,Carmen,Lopez,48,agent,301.0,2026-02-08 16:23:06.886630
784,114,Charles,Jones,44,low,62.01,2026-02-07 09:09:07.561994
785,191,Doris,Mahoney,100,occur,182.73,2026-01-27 17:47:07.223484
786,48,David,Todd,94,include,228.83,2026-02-07 23:09:10.374949
787,16,Victor,Randolph,36,coach,214.73,2026-02-10 03:38:06.748811
788,12,Gabriel,Butler,51,represent,140.49,2026-02-04 05:01:58.733168
789,89,Stephanie,Dickson,93,speech,282.16,2026-01-31 10:15:39.245634
790,65,Jessica,Stewart,18,left,439.75,2026-01-17 10:41:22.577631
791,160,Bradley,Mitchell,97,cold,295.35,2026-02-11 23:30:24.938093
792,127,Corey,Campbell,71,management,475.58,2026-01-28 20:07:47.708121
793,7,Jill,Sanchez,59,region,271.82,2026-01-25 20:25:02.972376
794,73,Amy,Holland,36,protect,330.0,2026-01-30 01:57:18.321636
795,111,Brian,Mullen,33,region,357.3,2026-02-11 18:34:13.201347
796,143,Madison,Morgan,76,almost,235.53,2026-01-22 06:01:15.729859
797,65,Randy,Mason,79,phone,441.31,2026-01-20 11:59:41.225248
798,78,Jason,Watkins,71,story,223.84,2026-01-28 09:14:23.955808
799,102,Alicia,Frank,6,agreement,8.22,2026-02-07 12:31:33.030216
800,176,Mark,Hubbard,93,billion,174.81,2026-02-02 05:41:21.292971
801,85,Jeffrey,Conner,26,cover,157.19,2026-02-12 04:55:51.457660
802,43,James,Blanchard,48,speak,470.96,2026-01-17 13:36:42.583795
803,43,Christopher,Young,99,I,44.19,2026-02-07 09:07:01.563590
804,104,Susan,Jones,51,alone,320.54,2026-02-06 09:58:09.421462
805,49,Sharon,White,48,such,42.94,2026-02-02 12:27:35.859346
806,4,Charles,Mckinney,98,nature,498.22,2026-02-04 10:49:41.460943
807,181,Ashley,Woods,73,red,312.83,2026-02-12 08:19:41.902598
808,105,Gina,Walsh,77,without,276.09,2026-02-02 21:48:28.401528
809,71,Rebecca,Miller,5,would,324.03,2026-02-11 14:32:43.436910
810,146,Brandi,Morrison,15,agreement,282.38,2026-02-09 15:13:36.096282
811,17,Isaac,Graham,21,discussion,85.58,2026-01-28 10:42:06.140760
812,97,John,Rodriguez,59,commercial,61.62,2026-01-20 03:58:46.308132
813,135,Justin,Perez,64,trouble,497.19,2026-01-19 05:21:58.326192
814,80,Cathy,Campbell,56,method,75.6,2026-02-06 13:38:47.284574
815,150,Jason,Ross,38,reduce,323.17,2026-02-10 05:29:04.934402
816,101,Erin,Boyd,52,bill,11.28,2026-02-05 17:58:37.324538
817,82,Kerry,Decker,80,realize,206.0,2026-02-14 22:42:51.779482
818,25,Willie,Mcconnell,80,oil,316.71,2026-02-15 15:02:51.561884
819,9,Monica,Morris,66,treatment,22.89,2026-02-10 13:59:28.645611
820,107,Stephanie,Colon,75,end,148.52,2026-01-26 01:41:50.205489
821,7,Susan,Marshall,58,top,302.68,2026-01-26 19:51:36.848785
822,59,Michael,Zamora,68,parent,119.64,2026-01-24 13:11:11.543307
823,63,Cindy,Thomas,79,because,296.02,2026-01-20 15:25:28.662223
824,31,David,Hernandez,28,ever,88.36,2026-02-11 16:38:47.425347
825,5,Wayne,Gallegos,30,enter,358.14,2026-01-21 10:15:22.980055
826,94,Michael,Henry,70,expect,159.66,2026-02-01 17:00:17.886577
827,54,John,Willis,47,real,116.9,2026-02-05 00:20:32.715947
828,66,Jessica,Reyes,100,apply,419.38,2026-01-28 09:09:24.109180
829,71,Edward,Young,38,church,213.02,2026-02-14 01:34:06.004544
830,45,Cody,Carpenter,29,use,163.46,2026-01-28 13:52:39.398507
831,144,Katie,Taylor,61,specific,79.64,2026-02-11 20:23:51.674206
832,175,Frank,Guzman,98,network,49.35,2026-01-27 22:50:33.910352
833,33,Kimberly,Osborne,78,wait,469.16,2026-02-01 08:58:31.174802
834,143,Sarah,Kaufman,51,main,136.1,2026-01-27 01:06:51.217663
835,127,Robert,Brown,36,imagine,13.46,2026-01-18 17:58:22.093648
836,16,Tammy,Brown,37,brother,245.4,2026-02-05 03:47:10.355608
837,102,Michael,Lewis,68,seem,452.89,2026-01-22 12:36:35.429301
838,73,Susan,Carter,83,around,163.71,2026-02-12 19:40:50.935427
839,191,Stefanie,Boyd,42,truth,221.85,2026-01-22 01:59:07.166825
840,7,Sara,Thompson,9,lose,403.36,2026-01-25 12:22:46.403158
841,159,Marie,Nash,53,story,499.16,2026-02-08 12:47:27.523569
842,199,Laura,Wells,45,happy,59.25,2026-02-13 12:31:23.308588
843,73,Jeanne,Blankenship,43,thought,169.05,2026-02-03 21:06:44.223448
844,59,Alexander,Schwartz,89,visit,360.92,2026-01-29 23:56:09.560575
845,164,Amy,Baker,65,collection,263.79,2026-01-21 11:08:19.477494
846,199,Michael,Henry,55,worry,341.7,2026-01-25 08:10:08.805887
847,196,Jennifer,Nelson,61,example,308.81,2026-02-13 18:41:26.763120
848,164,Joshua,Nolan,76,reach,259.71,2026-01-20 21:46:02.824481
849,50,Nicholas,Meyer,81,population,113.13,2026-01-20 01:18:34.246892
850,174,Laura,King,56,old,96.32,2026-01-27 00:26:19.504177
851,5,Jennifer,Watkins,36,although,284.35,2026-02-03 15:58:10.630005
852,74,John,Garza,46,care,330.39,2026-01-28 23:29:11.762004
853,43,Kevin,Flynn,29,drive,458.93,2026-02-07 18:59:02.793456
854,165,Steven,Aguilar,53,likely,423.15,2026-01-31 20:35:38.063139
855,152,John,Delgado,50,ok,380.89,2026-02-10 08:25:32.923137
856,128,Bryan,Waters,55,way,221.99,2026-01-24 19:17:52.797504
857,162,Susan,Wolf,89,full,8.57,2026-01-22 16:55:41.269905
858,90,James,Dennis,12,father,351.93,2026-02-12 22:05:31.291980
859,131,Joanne,Douglas,23,reason,94.9,2026-02-07 06:03:09.174429
860,66,Jeanne,Hernandez,22,born,195.0,2026-01-29 21:34:25.837061
861,126,Robert,Gray,26,article,92.03,2026-01-17 22:26:25.485808
862,129,Douglas,Simmons,62,year,342.2,2026-01-25 19:18:16.250079
863,102,Cesar,Jackson,75,ever,350.69,2026-01-28 17:38:52.446674
864,192,Kayla,Camacho,94,position,90.32,2026-02-14 07:56:33.497376
865,59,Cathy,Shaw,59,go,128.14,2026-02-01 18:53:14.903875
866,32,Jeffrey,Phillips,62,management,225.04,2026-01-21 06:13:00.639244
867,56,Zachary,Baxter,59,feel,33.27,2026-01-28 04:15:37.438728
868,77,Jenny,Hunt,17,field,441.22,2026-02-05 23:09:43.497913
869,89,Lucas,Moore,28,member,274.1,2026-02-07 20:35:37.925428
870,14,Janice,Allen,28,food,24.59,2026-02-05 11:31:35.220565
871,41,Michelle,Castillo,100,traditional,417.35,2026-01-31 14:12:00.648178
872,158,Larry,Carter,81,talk,332.91,2026-01-17 09:58:02.147246
873,62,Christian,Fry,50,week,140.57,2026-01-23 14:00:04.274148
874,144,Tony,Hill,23,major,359.13,2026-01-17 01:50:34.932128
875,145,Jesse,Bush,94,foreign,346.69,2026-02-10 11:02:36.197935
876,64,James,Schneider,51,rise,276.91,2026-02-08 23:50:28.869702
877,116,Melissa,Pearson,68,ahead,156.07,2026-02-14 06:25:13.443407
878,52,Pamela,Mendoza,8,Congress,107.53,2026-01-29 12:51:22.807553
879,121,Samantha,Rice,8,agree,246.88,2026-02-12 20:47:40.199048
880,172,Thomas,Williams,92,position,147.86,2026-01-31 06:04:34.845383
881,167,Mary,Phillips,3,suffer,365.82,2026-01-25 09:48:02.730493
882,130,Amanda,Acosta,50,evidence,52.98,2026-02-14 00:27:44.728467
883,194,Charles,Bowman,99,I,315.49,2026-01-30 00:43:45.640907
884,142,John,Odom,25,way,169.45,2026-01-21 02:01:18.896263
885,36,Erin,Patterson,15,what,351.87,2026-02-07 02:12:09.488898
886,112,Phillip,Perez,42,rule,446.32,2026-01-29 20:59:37.397459
887,19,Jonathan,Barker,98,away,79.02,2026-02-10 01:08:24.255136
888,109,Alexandra,Herman,78,color,166.34,2026-01-24 19:34:16.726507
889,141,Daniel,Nelson,63,month,65.64,2026-02-05 04:25:28.174337
890,40,Thomas,Brown,14,affect,148.85,2026-01-23 22:22:41.827648
891,14,Lisa,Salazar,51,leg,314.38,2026-02-08 12:03:00.833720
892,130,Frank,Soto,18,artist,314.2,2026-02-12 14:45:35.035095
893,34,Benjamin,Rollins,12,stop,485.92,2026-01-26 03:19:31.172079
894,73,Thomas,Walls,4,recent,330.94,2026-01-26 16:57:12.293394
895,171,David,Matthews,64,organization,40.76,2026-02-08 12:55:39.510306
896,163,Gabriel,Nolan,15,buy,106.69,2026-02-07 10:22:38.098113
897,111,Laura,Dalton,54,reach,450.01,2026-02-05 17:11:43.013803
898,173,Lisa,Carroll,67,within,100.12,2026-01-22 09:57:30.611238
899,20,Scott,Hudson,47,current,36.61,2026-02-04 11:09:54.815454
900,162,Joseph,Mcdaniel,87,face,144.66,2026-01-28 05:35:17.617868
901,90,Amy,Downs,27,machine,475.34,2026-01-20 20:57:32.585343
902,27,David,Wilson,30,professor,122.55,2026-01-29 03:23:58.943459
903,24,Nicole,Odom,44,future,203.44,2026-01-22 09:33:39.336399
904,50,Dawn,Kim,63,table,212.55,2026-01-30 07:03:22.927752
905,51,Judith,Rodriguez,96,break,351.15,2026-01-20 23:12:39.921428
906,121,Robert,Taylor,52,fly,456.18,2026-02-04 22:48:44.277342
907,29,Joseph,Cline,79,left,488.68,2026-02-14 09:13:18.136618
908,107,Stacey,James,69,fine,332.4,2026-02-09 15:02:48.333406
909,137,Matthew,Cohen,57,truth,326.37,2026-02-08 01:01:09.895713
910,165,Elizabeth,Baker,7,level,295.7,2026-01-27 05:03:50.088704
911,138,John,Doyle,79,remain,249.12,2026-02-02 15:35:25.128859
912,187,Susan,Lewis,12,outside,237.62,2026-02-03 17:42:04.344826
913,79,Danielle,Watson,84,those,346.04,2026-01-25 14:59:27.456468
914,141,David,Noble,69,for,495.08,2026-02-10 16:20:22.791419
915,82,Kathryn,Ortiz,67,director,78.68,2026-02-10 10:45:26.695749
916,147,John,Miller,7,party,16.41,2026-01-27 14:06:44.459172
917,15,Anita,Valencia,94,television,408.55,2026-02-03 15:29:57.039161
918,4,Christopher,Johnson,43,three,35.35,2026-02-04 17:55:41.001342
919,143,Richard,Perkins,58,picture,428.82,2026-02-10 06:11:40.599955
920,11,Jenna,Smith,18,various,453.62,2026-01-20 19:42:33.546627
921,91,Andrea,Thomas,96,reason,419.46,2026-02-06 08:57:27.769745
922,87,Reginald,Williams,48,certainly,47.0,2026-02-01 09:52:13.971738
923,66,Timothy,Vargas,18,economy,300.01,2026-01-31 05:33:00.185842
924,125,Paul,Martinez,7,under,105.69,2026-02-01 04:02:19.269496
925,120,Christopher,Caldwell,71,throughout,358.85,2026-02-03 05:02:48.422112
926,167,Benjamin,Wilkinson,12,decision,383.12,2026-01-23 02:32:11.657210
927,196,Karen,Cooley,1,six,55.89,2026-01-18 16:43:31.559771
928,87,Daniel,Gates,66,general,253.07,2026-01-30 13:48:59.795525
929,94,Robert,Espinoza,20,important,28.74,2026-02-07 04:45:49.885347
930,106,Karen,Rivas,3,book,171.68,2026-02-04 20:08:04.993597
931,93,Tyler,Maldonado,31,public,111.44,2026-02-02 21:03:53.629460
932,66,Stephen,Nichols,13,stop,34.01,2026-01-29 22:34:19.175056
933,162,Kelly,Cook,98,same,325.52,2026-02-02 01:39:01.461494
934,18,Kevin,Stuart,76,hit,206.05,2026-01-30 11:41:26.072874
935,106,Chad,Gray,56,federal,181.59,2026-02-14 17:46:43.938518
936,134,Kristy,Anderson,41,structure,460.54,2026-02-09 15:07:53.189972
937,194,Casey,Gonzales,57,well,385.5,2026-02-11 20:13:47.176775
938,57,Tiffany,Holt,22,financial,224.34,2026-01-26 08:41:11.271350
939,2,Daniel,Spencer,41,last,334.52,2026-01-27 10:19:42.782374
940,21,Kathleen,Jones,26,live,210.57,2026-02-14 07:44:38.736286
941,9,Alex,Haney,59,heavy,415.97,2026-01-21 10:53:43.010914
942,120,Donna,Bender,34,expert,100.11,2026-02-04 10:50:09.708959
943,153,Patrick,Cherry,5,first,186.44,2026-02-01 05:10:07.956614
944,144,Keith,Cox,47,church,424.28,2026-02-04 17:12:22.426914
945,10,James,Watkins,46,suddenly,41.86,2026-02-03 14:34:32.086138
946,193,Allison,Williams,77,should,6.27,2026-02-07 20:52:04.969543
947,76,Nicholas,Powell,54,live,192.12,2026-02-07 00:48:03.169214
948,114,Travis,Gardner,44,before,192.59,2026-02-02 22:01:45.751195
949,197,Cynthia,Martin,15,whom,149.71,2026-02-01 12:17:38.368175
950,34,Regina,Chang,23,notice,79.51,2026-02-05 00:18:17.296632
951,182,Austin,Reed,98,challenge,140.14,2026-01-24 12:35:11.599969
952,73,Eric,Marshall,94,myself,409.6,2026-02-02 12:41:53.213979
953,132,Erica,Wagner,44,maybe,100.41,2026-02-01 08:35:59.530358
954,46,Michelle,Goodwin,70,a,91.37,2026-02-11 19:06:22.455874
955,145,Christopher,Hamilton,1,protect,249.46,2026-02-13 19:48:27.216102
956,157,Rodney,Collier,57,road,251.16,2026-01-20 08:41:07.531354
957,183,Marilyn,Caldwell,21,surface,251.7,2026-02-06 21:19:33.784892
958,27,Christopher,Molina,16,choose,390.42,2026-02-01 19:41:13.468016
959,164,Heidi,Williams,35,with,380.36,2026-02-05 23:41:42.810181
960,170,Erica,Wilson,24,we,156.78,2026-02-10 05:30:59.211012
961,11,Jeffrey,Rodriguez,73,weight,162.01,2026-02-14 11:43:00.497864
962,127,Kiara,Mcmahon,1,reach,88.46,2026-02-01 04:19:45.817110
963,79,Bryan,Watson,84,act,297.36,2026-01-21 06:17:45.982176
964,59,Jennifer,Ellis,71,situation,497.86,2026-02-13 02:09:17.304495
965,86,Jacqueline,Lambert,78,during,474.1,2026-01-18 13:46:03.598318
966,133,Zachary,Morales,73,culture,308.23,2026-01-18 13:45:26.133763
967,102,Michael,Lopez,85,officer,48.09,2026-01-23 12:34:08.388641
968,192,Kathryn,White,71,suddenly,244.14,2026-01-28 17:20:53.672912
969,13,Melissa,Warner,74,along,445.07,2026-01-24 13:54:15.136982
970,149,Jessica,Kaiser,71,country,205.06,2026-02-15 08:00:35.991088
971,117,Sarah,Hanson,74,three,487.19,2026-01-20 18:27:05.004026
972,166,Andrew,Morris,54,hope,491.71,2026-01-27 11:24:44.428235
973,48,Allison,Shepherd,1,magazine,88.38,2026-02-13 08:32:46.033239
974,198,Elizabeth,Moore,78,including,391.03,2026-01-30 15:49:46.534301
975,170,Alyssa,Baker,1,view,67.91,2026-01-27 05:24:36.802916
976,180,Jennifer,Stout,61,can,371.67,2026-01-30 08:11:59.029349
977,57,Jenna,Hernandez,64,little,328.36,2026-02-03 11:40:44.000957
978,43,Haley,Williams,18,event,51.48,2026-01-27 16:03:44.122895
979,199,Jonathan,Garcia,16,camera,86.12,2026-02-03 01:11:56.985935
980,59,Michael,Hamilton,77,several,412.28,2026-02-04 22:35:00.482606
981,3,Kristina,Arnold,80,experience,146.16,2026-02-01 18:19:21.735174
982,87,Philip,Wilson,50,hold,476.59,2026-01-20 20:01:49.756180
983,177,Jessica,Parker,19,tree,283.73,2026-01-26 23:30:21.861883
984,177,Kristen,Cunningham,45,my,192.25,2026-01-26 07:19:13.070352
985,13,Jeffrey,Weber,73,until,122.89,2026-02-14 11:55:45.101688
986,31,Julia,Lara,41,much,199.48,2026-02-07 23:13:27.640069
987,165,Traci,Edwards,6,majority,268.76,2026-02-06 15:23:45.026806
988,77,Jason,Barnett,31,peace,440.19,2026-01-20 07:28:24.653605
989,136,Cynthia,Lopez,9,window,424.42,2026-02-09 07:01:25.086044
990,103,Shawn,Cox,11,public,162.6,2026-01-18 03:08:37.310716
991,78,Michael,Goodwin,28,pressure,363.92,2026-01-30 14:30:00.996641
992,22,Robert,Jackson,3,memory,228.89,2026-01-23 05:48:06.942045
993,97,Nicole,Harris,89,actually,362.77,2026-02-05 23:14:52.928926
994,91,Christina,Myers,9,far,320.82,2026-01-30 03:55:58.833664
995,194,Amber,Wells,98,scene,38.25,2026-02-01 14:04:08.162426
996,87,Devin,Cruz,100,yes,90.91,2026-02-08 06:58:37.138836
997,60,William,Wright,74,range,146.55,2026-02-03 18:51:27.601123
998,100,Richard,Dunlap,52,thousand,414.18,2026-01-31 16:07:52.468429
999,189,Thomas,Lowe,69,democratic,283.96,2026-02-05 15:45:16.001863
1000,168,Joseph,Guzman,83,good,272.86,2026-01-30 00:25:39.702312
